customerID,tenure,PhoneService,Contract,PaymentMethod,MonthlyCharges,TotalCharges,total_charge_tenure_ratio,monthly_charge_tenure_ratio_equivalence
9305-CKSKC,22,1,0,0,97.4,811.7,36.89545454545455,0.3788034347582602
1452-KNGVK,8,0,1,1,77.3,1701.95,212.74375,2.7521830530401035
6723-OKKJM,28,1,0,3,28.25,250.9,8.960714285714285,0.31719342604298356
7832-POPKP,62,1,0,0,101.7,3106.56,50.1058064516129,0.49268246265106097
6348-TACGU,10,0,2,3,51.15,3440.97,344.097,6.727214076246334
